"(x, y)",Year,Month,Town,Block,Floor_Area,Flat_Model,Lease_Commence_Date,Price_Per_Square_Meter
"(1, 80)",2015,06,CHOA CHU KANG,705,114,Model A,1995,2807
"(1, 81)",2015,06,CHOA CHU KANG,705,114,Model A,1995,2807
"(1, 82)",2015,06,CHOA CHU KANG,705,114,Model A,1995,2807
"(1, 83)",2015,06,CHOA CHU KANG,705,114,Model A,1995,2807
"(1, 84)",2015,06,CHOA CHU KANG,705,114,Model A,1995,2807
"(1, 85)",2015,06,CHOA CHU KANG,705,114,Model A,1995,2807
"(1, 86)",2015,06,CHOA CHU KANG,705,114,Model A,1995,2807
"(1, 87)",2015,06,CHOA CHU KANG,705,114,Model A,1995,2807
"(1, 88)",2015,06,CHOA CHU KANG,705,114,Model A,1995,2807
"(1, 89)",2015,06,CHOA CHU KANG,705,114,Model A,1995,2807
"(1, 90)",2015,06,CHOA CHU KANG,705,114,Model A,1995,2807
"(1, 91)",2015,06,CHOA CHU KANG,705,114,Model A,1995,2807
"(1, 92)",2015,06,CHOA CHU KANG,705,114,Model A,1995,2807
"(1, 93)",2015,06,CHOA CHU KANG,705,114,Model A,1995,2807
"(1, 94)",2015,06,CHOA CHU KANG,705,114,Model A,1995,2807
"(1, 95)",2015,06,CHOA CHU KANG,705,114,Model A,1995,2807
"(1, 96)",2015,06,CHOA CHU KANG,705,114,Model A,1995,2807
"(1, 97)",2015,06,CHOA CHU KANG,705,114,Model A,1995,2807
"(1, 98)",2015,06,CHOA CHU KANG,705,114,Model A,1995,2807
"(1, 99)",2015,06,CHOA CHU KANG,705,114,Model A,1995,2807
"(1, 100)",2015,06,CHOA CHU KANG,705,114,Model A,1995,2807
"(1, 101)",2015,06,CHOA CHU KANG,705,114,Model A,1995,2807
"(1, 102)",2015,06,CHOA CHU KANG,705,114,Model A,1995,2807
"(1, 103)",2015,06,CHOA CHU KANG,705,114,Model A,1995,2807
"(1, 104)",2015,06,CHOA CHU KANG,705,114,Model A,1995,2807
"(1, 105)",2015,06,CHOA CHU KANG,705,114,Model A,1995,2807
"(1, 106)",2015,06,CHOA CHU KANG,705,114,Model A,1995,2807
"(1, 107)",2015,06,CHOA CHU KANG,705,114,Model A,1995,2807
"(1, 108)",2015,06,CHOA CHU KANG,705,114,Model A,1995,2807
"(1, 109)",2015,06,CHOA CHU KANG,705,114,Model A,1995,2807
"(1, 110)",2015,06,CHOA CHU KANG,705,114,Model A,1995,2807
"(1, 111)",2015,06,CHOA CHU KANG,705,114,Model A,1995,2807
"(1, 112)",2015,06,CHOA CHU KANG,705,114,Model A,1995,2807
"(1, 113)",2015,06,CHOA CHU KANG,705,114,Model A,1995,2807
"(1, 114)",2015,06,CHOA CHU KANG,705,114,Model A,1995,2807
"(1, 115)",2015,06,PASIR RIS,753,128,Improved,1996,3047
"(1, 116)",2015,06,PASIR RIS,753,128,Improved,1996,3047
"(1, 117)",2015,06,PASIR RIS,753,128,Improved,1996,3047
"(1, 118)",2015,06,PASIR RIS,753,128,Improved,1996,3047
"(1, 119)",2015,06,PASIR RIS,753,128,Improved,1996,3047
"(1, 120)",2015,06,PASIR RIS,753,128,Improved,1996,3047
"(1, 121)",2015,06,PASIR RIS,753,128,Improved,1996,3047
"(1, 122)",2015,06,PASIR RIS,753,128,Improved,1996,3047
"(1, 123)",2015,06,PASIR RIS,753,128,Improved,1996,3047
"(1, 124)",2015,06,PASIR RIS,753,128,Improved,1996,3047
"(1, 125)",2015,06,PASIR RIS,753,128,Improved,1996,3047
"(1, 126)",2015,06,PASIR RIS,753,128,Improved,1996,3047
"(1, 127)",2015,06,PASIR RIS,753,128,Improved,1996,3047
"(1, 128)",2015,06,PASIR RIS,753,128,Improved,1996,3047
"(1, 129)",2015,06,JURONG WEST,757,136,Model A,1996,3147
"(1, 130)",2015,06,JURONG WEST,757,136,Model A,1996,3147
"(1, 131)",2015,06,JURONG WEST,757,136,Model A,1996,3147
"(1, 132)",2015,06,JURONG WEST,757,136,Model A,1996,3147
"(1, 133)",2015,06,JURONG WEST,757,136,Model A,1996,3147
"(1, 134)",2015,06,JURONG WEST,757,136,Model A,1996,3147
"(1, 135)",2015,06,JURONG WEST,757,136,Model A,1996,3147
"(1, 136)",2015,06,JURONG WEST,757,136,Model A,1996,3147
"(1, 137)",2015,06,JURONG WEST,906,141,Apartment,1989,3248
"(1, 138)",2015,06,JURONG WEST,906,141,Apartment,1989,3248
"(1, 139)",2015,06,JURONG WEST,906,141,Apartment,1989,3248
"(1, 140)",2015,06,JURONG WEST,906,141,Apartment,1989,3248
"(1, 141)",2015,06,JURONG WEST,906,141,Apartment,1989,3248
"(1, 142)",2015,06,PASIR RIS,269,145,Apartment,1994,3483
"(1, 143)",2015,06,PASIR RIS,269,145,Apartment,1994,3483
"(1, 144)",2015,06,PASIR RIS,269,145,Apartment,1994,3483
"(1, 145)",2015,06,PASIR RIS,269,145,Apartment,1994,3483
"(1, 146)",2015,06,PASIR RIS,207,148,Apartment,1993,3534
"(1, 147)",2015,06,PASIR RIS,207,148,Apartment,1993,3534
"(1, 148)",2015,06,PASIR RIS,207,148,Apartment,1993,3534
"(1, 149)",2015,06,PASIR RIS,131,151,Apartment,1994,3576
"(1, 150)",2015,06,PASIR RIS,131,151,Apartment,1994,3576
"(2, 80)",2015,06,CHOA CHU KANG,705,114,Model A,1995,2807
"(2, 81)",2015,06,CHOA CHU KANG,705,114,Model A,1995,2807
"(2, 82)",2015,06,CHOA CHU KANG,705,114,Model A,1995,2807
"(2, 83)",2015,06,CHOA CHU KANG,705,114,Model A,1995,2807
"(2, 84)",2015,06,CHOA CHU KANG,705,114,Model A,1995,2807
"(2, 85)",2015,06,CHOA CHU KANG,705,114,Model A,1995,2807
"(2, 86)",2015,06,CHOA CHU KANG,705,114,Model A,1995,2807
"(2, 87)",2015,06,CHOA CHU KANG,705,114,Model A,1995,2807
"(2, 88)",2015,06,CHOA CHU KANG,705,114,Model A,1995,2807
"(2, 89)",2015,06,CHOA CHU KANG,705,114,Model A,1995,2807
"(2, 90)",2015,06,CHOA CHU KANG,705,114,Model A,1995,2807
"(2, 91)",2015,06,CHOA CHU KANG,705,114,Model A,1995,2807
"(2, 92)",2015,06,CHOA CHU KANG,705,114,Model A,1995,2807
"(2, 93)",2015,06,CHOA CHU KANG,705,114,Model A,1995,2807
"(2, 94)",2015,06,CHOA CHU KANG,705,114,Model A,1995,2807
"(2, 95)",2015,06,CHOA CHU KANG,705,114,Model A,1995,2807
"(2, 96)",2015,06,CHOA CHU KANG,705,114,Model A,1995,2807
"(2, 97)",2015,06,CHOA CHU KANG,705,114,Model A,1995,2807
"(2, 98)",2015,06,CHOA CHU KANG,705,114,Model A,1995,2807
"(2, 99)",2015,06,CHOA CHU KANG,705,114,Model A,1995,2807
"(2, 100)",2015,06,CHOA CHU KANG,705,114,Model A,1995,2807
"(2, 101)",2015,06,CHOA CHU KANG,705,114,Model A,1995,2807
"(2, 102)",2015,06,CHOA CHU KANG,705,114,Model A,1995,2807
"(2, 103)",2015,06,CHOA CHU KANG,705,114,Model A,1995,2807
"(2, 104)",2015,06,CHOA CHU KANG,705,114,Model A,1995,2807
"(2, 105)",2015,06,CHOA CHU KANG,705,114,Model A,1995,2807
"(2, 106)",2015,06,CHOA CHU KANG,705,114,Model A,1995,2807
"(2, 107)",2015,06,CHOA CHU KANG,705,114,Model A,1995,2807
"(2, 108)",2015,06,CHOA CHU KANG,705,114,Model A,1995,2807
"(2, 109)",2015,06,CHOA CHU KANG,705,114,Model A,1995,2807
"(2, 110)",2015,06,CHOA CHU KANG,705,114,Model A,1995,2807
"(2, 111)",2015,06,CHOA CHU KANG,705,114,Model A,1995,2807
"(2, 112)",2015,06,CHOA CHU KANG,705,114,Model A,1995,2807
"(2, 113)",2015,06,CHOA CHU KANG,705,114,Model A,1995,2807
"(2, 114)",2015,06,CHOA CHU KANG,705,114,Model A,1995,2807
"(2, 115)",2015,06,PASIR RIS,753,128,Improved,1996,3047
"(2, 116)",2015,06,PASIR RIS,753,128,Improved,1996,3047
"(2, 117)",2015,06,PASIR RIS,753,128,Improved,1996,3047
"(2, 118)",2015,06,PASIR RIS,753,128,Improved,1996,3047
"(2, 119)",2015,06,PASIR RIS,753,128,Improved,1996,3047
"(2, 120)",2015,06,PASIR RIS,753,128,Improved,1996,3047
"(2, 121)",2015,06,PASIR RIS,753,128,Improved,1996,3047
"(2, 122)",2015,06,PASIR RIS,753,128,Improved,1996,3047
"(2, 123)",2015,06,PASIR RIS,753,128,Improved,1996,3047
"(2, 124)",2015,06,PASIR RIS,753,128,Improved,1996,3047
"(2, 125)",2015,06,PASIR RIS,753,128,Improved,1996,3047
"(2, 126)",2015,06,PASIR RIS,753,128,Improved,1996,3047
"(2, 127)",2015,06,PASIR RIS,753,128,Improved,1996,3047
"(2, 128)",2015,06,PASIR RIS,753,128,Improved,1996,3047
"(2, 129)",2015,07,CHOA CHU KANG,619,135,Model A,1996,3147
"(2, 130)",2015,07,CHOA CHU KANG,619,135,Model A,1996,3147
"(2, 131)",2015,07,CHOA CHU KANG,619,135,Model A,1996,3147
"(2, 132)",2015,07,CHOA CHU KANG,619,135,Model A,1996,3147
"(2, 133)",2015,07,CHOA CHU KANG,619,135,Model A,1996,3147
"(2, 134)",2015,07,CHOA CHU KANG,619,135,Model A,1996,3147
"(2, 135)",2015,07,CHOA CHU KANG,619,135,Model A,1996,3147
"(2, 136)",2015,06,JURONG WEST,757,136,Model A,1996,3147
"(2, 137)",2015,07,PASIR RIS,188,140,Model A,1993,3214
"(2, 138)",2015,07,PASIR RIS,188,140,Model A,1993,3214
"(2, 139)",2015,07,PASIR RIS,188,140,Model A,1993,3214
"(2, 140)",2015,07,PASIR RIS,188,140,Model A,1993,3214
"(2, 141)",2015,06,JURONG WEST,906,141,Apartment,1989,3248
"(2, 142)",2015,07,JURONG WEST,410,150,Maisonette,1985,3467
"(2, 143)",2015,07,JURONG WEST,410,150,Maisonette,1985,3467
"(2, 144)",2015,07,JURONG WEST,410,150,Maisonette,1985,3467
"(2, 145)",2015,07,JURONG WEST,410,150,Maisonette,1985,3467
"(2, 146)",2015,07,JURONG WEST,410,150,Maisonette,1985,3467
"(2, 147)",2015,07,JURONG WEST,410,150,Maisonette,1985,3467
"(2, 148)",2015,07,JURONG WEST,410,150,Maisonette,1985,3467
"(2, 149)",2015,07,JURONG WEST,410,150,Maisonette,1985,3467
"(2, 150)",2015,07,JURONG WEST,410,150,Maisonette,1985,3467
"(3, 80)",2015,06,CHOA CHU KANG,705,114,Model A,1995,2807
"(3, 81)",2015,06,CHOA CHU KANG,705,114,Model A,1995,2807
"(3, 82)",2015,06,CHOA CHU KANG,705,114,Model A,1995,2807
"(3, 83)",2015,06,CHOA CHU KANG,705,114,Model A,1995,2807
"(3, 84)",2015,06,CHOA CHU KANG,705,114,Model A,1995,2807
"(3, 85)",2015,06,CHOA CHU KANG,705,114,Model A,1995,2807
"(3, 86)",2015,06,CHOA CHU KANG,705,114,Model A,1995,2807
"(3, 87)",2015,06,CHOA CHU KANG,705,114,Model A,1995,2807
"(3, 88)",2015,06,CHOA CHU KANG,705,114,Model A,1995,2807
"(3, 89)",2015,06,CHOA CHU KANG,705,114,Model A,1995,2807
"(3, 90)",2015,06,CHOA CHU KANG,705,114,Model A,1995,2807
"(3, 91)",2015,06,CHOA CHU KANG,705,114,Model A,1995,2807
"(3, 92)",2015,06,CHOA CHU KANG,705,114,Model A,1995,2807
"(3, 93)",2015,06,CHOA CHU KANG,705,114,Model A,1995,2807
"(3, 94)",2015,06,CHOA CHU KANG,705,114,Model A,1995,2807
"(3, 95)",2015,06,CHOA CHU KANG,705,114,Model A,1995,2807
"(3, 96)",2015,06,CHOA CHU KANG,705,114,Model A,1995,2807
"(3, 97)",2015,06,CHOA CHU KANG,705,114,Model A,1995,2807
"(3, 98)",2015,06,CHOA CHU KANG,705,114,Model A,1995,2807
"(3, 99)",2015,06,CHOA CHU KANG,705,114,Model A,1995,2807
"(3, 100)",2015,06,CHOA CHU KANG,705,114,Model A,1995,2807
"(3, 101)",2015,06,CHOA CHU KANG,705,114,Model A,1995,2807
"(3, 102)",2015,06,CHOA CHU KANG,705,114,Model A,1995,2807
"(3, 103)",2015,06,CHOA CHU KANG,705,114,Model A,1995,2807
"(3, 104)",2015,06,CHOA CHU KANG,705,114,Model A,1995,2807
"(3, 105)",2015,06,CHOA CHU KANG,705,114,Model A,1995,2807
"(3, 106)",2015,06,CHOA CHU KANG,705,114,Model A,1995,2807
"(3, 107)",2015,06,CHOA CHU KANG,705,114,Model A,1995,2807
"(3, 108)",2015,06,CHOA CHU KANG,705,114,Model A,1995,2807
"(3, 109)",2015,06,CHOA CHU KANG,705,114,Model A,1995,2807
"(3, 110)",2015,06,CHOA CHU KANG,705,114,Model A,1995,2807
"(3, 111)",2015,06,CHOA CHU KANG,705,114,Model A,1995,2807
"(3, 112)",2015,06,CHOA CHU KANG,705,114,Model A,1995,2807
"(3, 113)",2015,06,CHOA CHU KANG,705,114,Model A,1995,2807
"(3, 114)",2015,06,CHOA CHU KANG,705,114,Model A,1995,2807
"(3, 115)",2015,08,JURONG WEST,933,122,Improved,1988,2967
"(3, 116)",2015,08,JURONG WEST,933,122,Improved,1988,2967
"(3, 117)",2015,08,JURONG WEST,933,122,Improved,1988,2967
"(3, 118)",2015,08,JURONG WEST,933,122,Improved,1988,2967
"(3, 119)",2015,08,JURONG WEST,933,122,Improved,1988,2967
"(3, 120)",2015,08,JURONG WEST,933,122,Improved,1988,2967
"(3, 121)",2015,08,JURONG WEST,933,122,Improved,1988,2967
"(3, 122)",2015,08,JURONG WEST,933,122,Improved,1988,2967
"(3, 123)",2015,08,CHOA CHU KANG,617,134,Model A,1996,3007
"(3, 124)",2015,08,CHOA CHU KANG,617,134,Model A,1996,3007
"(3, 125)",2015,08,CHOA CHU KANG,617,134,Model A,1996,3007
"(3, 126)",2015,08,CHOA CHU KANG,617,134,Model A,1996,3007
"(3, 127)",2015,08,CHOA CHU KANG,617,134,Model A,1996,3007
"(3, 128)",2015,08,CHOA CHU KANG,617,134,Model A,1996,3007
"(3, 129)",2015,08,CHOA CHU KANG,617,134,Model A,1996,3007
"(3, 130)",2015,08,CHOA CHU KANG,617,134,Model A,1996,3007
"(3, 131)",2015,08,CHOA CHU KANG,617,134,Model A,1996,3007
"(3, 132)",2015,08,CHOA CHU KANG,617,134,Model A,1996,3007
"(3, 133)",2015,08,CHOA CHU KANG,617,134,Model A,1996,3007
"(3, 134)",2015,08,CHOA CHU KANG,617,134,Model A,1996,3007
"(3, 135)",2015,07,CHOA CHU KANG,619,135,Model A,1996,3147
"(3, 136)",2015,06,JURONG WEST,757,136,Model A,1996,3147
"(3, 137)",2015,07,PASIR RIS,188,140,Model A,1993,3214
"(3, 138)",2015,07,PASIR RIS,188,140,Model A,1993,3214
"(3, 139)",2015,07,PASIR RIS,188,140,Model A,1993,3214
"(3, 140)",2015,07,PASIR RIS,188,140,Model A,1993,3214
"(3, 141)",2015,06,JURONG WEST,906,141,Apartment,1989,3248
"(3, 142)",2015,08,JURONG WEST,910,145,Maisonette,1988,3448
"(3, 143)",2015,08,JURONG WEST,910,145,Maisonette,1988,3448
"(3, 144)",2015,08,JURONG WEST,910,145,Maisonette,1988,3448
"(3, 145)",2015,08,JURONG WEST,910,145,Maisonette,1988,3448
"(3, 146)",2015,07,JURONG WEST,410,150,Maisonette,1985,3467
"(3, 147)",2015,07,JURONG WEST,410,150,Maisonette,1985,3467
"(3, 148)",2015,07,JURONG WEST,410,150,Maisonette,1985,3467
"(3, 149)",2015,07,JURONG WEST,410,150,Maisonette,1985,3467
"(3, 150)",2015,07,JURONG WEST,410,150,Maisonette,1985,3467
"(4, 80)",2015,06,CHOA CHU KANG,705,114,Model A,1995,2807
"(4, 81)",2015,06,CHOA CHU KANG,705,114,Model A,1995,2807
"(4, 82)",2015,06,CHOA CHU KANG,705,114,Model A,1995,2807
"(4, 83)",2015,06,CHOA CHU KANG,705,114,Model A,1995,2807
"(4, 84)",2015,06,CHOA CHU KANG,705,114,Model A,1995,2807
"(4, 85)",2015,06,CHOA CHU KANG,705,114,Model A,1995,2807
"(4, 86)",2015,06,CHOA CHU KANG,705,114,Model A,1995,2807
"(4, 87)",2015,06,CHOA CHU KANG,705,114,Model A,1995,2807
"(4, 88)",2015,06,CHOA CHU KANG,705,114,Model A,1995,2807
"(4, 89)",2015,06,CHOA CHU KANG,705,114,Model A,1995,2807
"(4, 90)",2015,06,CHOA CHU KANG,705,114,Model A,1995,2807
"(4, 91)",2015,06,CHOA CHU KANG,705,114,Model A,1995,2807
"(4, 92)",2015,06,CHOA CHU KANG,705,114,Model A,1995,2807
"(4, 93)",2015,06,CHOA CHU KANG,705,114,Model A,1995,2807
"(4, 94)",2015,06,CHOA CHU KANG,705,114,Model A,1995,2807
"(4, 95)",2015,06,CHOA CHU KANG,705,114,Model A,1995,2807
"(4, 96)",2015,06,CHOA CHU KANG,705,114,Model A,1995,2807
"(4, 97)",2015,06,CHOA CHU KANG,705,114,Model A,1995,2807
"(4, 98)",2015,06,CHOA CHU KANG,705,114,Model A,1995,2807
"(4, 99)",2015,06,CHOA CHU KANG,705,114,Model A,1995,2807
"(4, 100)",2015,06,CHOA CHU KANG,705,114,Model A,1995,2807
"(4, 101)",2015,06,CHOA CHU KANG,705,114,Model A,1995,2807
"(4, 102)",2015,06,CHOA CHU KANG,705,114,Model A,1995,2807
"(4, 103)",2015,06,CHOA CHU KANG,705,114,Model A,1995,2807
"(4, 104)",2015,06,CHOA CHU KANG,705,114,Model A,1995,2807
"(4, 105)",2015,06,CHOA CHU KANG,705,114,Model A,1995,2807
"(4, 106)",2015,06,CHOA CHU KANG,705,114,Model A,1995,2807
"(4, 107)",2015,06,CHOA CHU KANG,705,114,Model A,1995,2807
"(4, 108)",2015,06,CHOA CHU KANG,705,114,Model A,1995,2807
"(4, 109)",2015,06,CHOA CHU KANG,705,114,Model A,1995,2807
"(4, 110)",2015,06,CHOA CHU KANG,705,114,Model A,1995,2807
"(4, 111)",2015,06,CHOA CHU KANG,705,114,Model A,1995,2807
"(4, 112)",2015,06,CHOA CHU KANG,705,114,Model A,1995,2807
"(4, 113)",2015,06,CHOA CHU KANG,705,114,Model A,1995,2807
"(4, 114)",2015,06,CHOA CHU KANG,705,114,Model A,1995,2807
"(4, 115)",2015,08,JURONG WEST,933,122,Improved,1988,2967
"(4, 116)",2015,08,JURONG WEST,933,122,Improved,1988,2967
"(4, 117)",2015,08,JURONG WEST,933,122,Improved,1988,2967
"(4, 118)",2015,08,JURONG WEST,933,122,Improved,1988,2967
"(4, 119)",2015,08,JURONG WEST,933,122,Improved,1988,2967
"(4, 120)",2015,08,JURONG WEST,933,122,Improved,1988,2967
"(4, 121)",2015,08,JURONG WEST,933,122,Improved,1988,2967
"(4, 122)",2015,08,JURONG WEST,933,122,Improved,1988,2967
"(4, 123)",2015,08,CHOA CHU KANG,617,134,Model A,1996,3007
"(4, 124)",2015,08,CHOA CHU KANG,617,134,Model A,1996,3007
"(4, 125)",2015,08,CHOA CHU KANG,617,134,Model A,1996,3007
"(4, 126)",2015,08,CHOA CHU KANG,617,134,Model A,1996,3007
"(4, 127)",2015,08,CHOA CHU KANG,617,134,Model A,1996,3007
"(4, 128)",2015,08,CHOA CHU KANG,617,134,Model A,1996,3007
"(4, 129)",2015,08,CHOA CHU KANG,617,134,Model A,1996,3007
"(4, 130)",2015,08,CHOA CHU KANG,617,134,Model A,1996,3007
"(4, 131)",2015,08,CHOA CHU KANG,617,134,Model A,1996,3007
"(4, 132)",2015,08,CHOA CHU KANG,617,134,Model A,1996,3007
"(4, 133)",2015,08,CHOA CHU KANG,617,134,Model A,1996,3007
"(4, 134)",2015,08,CHOA CHU KANG,617,134,Model A,1996,3007
"(4, 135)",2015,07,CHOA CHU KANG,619,135,Model A,1996,3147
"(4, 136)",2015,06,JURONG WEST,757,136,Model A,1996,3147
"(4, 137)",2015,07,PASIR RIS,188,140,Model A,1993,3214
"(4, 138)",2015,07,PASIR RIS,188,140,Model A,1993,3214
"(4, 139)",2015,07,PASIR RIS,188,140,Model A,1993,3214
"(4, 140)",2015,07,PASIR RIS,188,140,Model A,1993,3214
"(4, 141)",2015,06,JURONG WEST,906,141,Apartment,1989,3248
"(4, 142)",2015,08,JURONG WEST,910,145,Maisonette,1988,3448
"(4, 143)",2015,08,JURONG WEST,910,145,Maisonette,1988,3448
"(4, 144)",2015,08,JURONG WEST,910,145,Maisonette,1988,3448
"(4, 145)",2015,08,JURONG WEST,910,145,Maisonette,1988,3448
"(4, 146)",2015,07,JURONG WEST,410,150,Maisonette,1985,3467
"(4, 147)",2015,07,JURONG WEST,410,150,Maisonette,1985,3467
"(4, 148)",2015,07,JURONG WEST,410,150,Maisonette,1985,3467
"(4, 149)",2015,07,JURONG WEST,410,150,Maisonette,1985,3467
"(4, 150)",2015,07,JURONG WEST,410,150,Maisonette,1985,3467
"(5, 80)",2015,06,CHOA CHU KANG,705,114,Model A,1995,2807
"(5, 81)",2015,06,CHOA CHU KANG,705,114,Model A,1995,2807
"(5, 82)",2015,06,CHOA CHU KANG,705,114,Model A,1995,2807
"(5, 83)",2015,06,CHOA CHU KANG,705,114,Model A,1995,2807
"(5, 84)",2015,06,CHOA CHU KANG,705,114,Model A,1995,2807
"(5, 85)",2015,06,CHOA CHU KANG,705,114,Model A,1995,2807
"(5, 86)",2015,06,CHOA CHU KANG,705,114,Model A,1995,2807
"(5, 87)",2015,06,CHOA CHU KANG,705,114,Model A,1995,2807
"(5, 88)",2015,06,CHOA CHU KANG,705,114,Model A,1995,2807
"(5, 89)",2015,06,CHOA CHU KANG,705,114,Model A,1995,2807
"(5, 90)",2015,06,CHOA CHU KANG,705,114,Model A,1995,2807
"(5, 91)",2015,06,CHOA CHU KANG,705,114,Model A,1995,2807
"(5, 92)",2015,06,CHOA CHU KANG,705,114,Model A,1995,2807
"(5, 93)",2015,06,CHOA CHU KANG,705,114,Model A,1995,2807
"(5, 94)",2015,06,CHOA CHU KANG,705,114,Model A,1995,2807
"(5, 95)",2015,06,CHOA CHU KANG,705,114,Model A,1995,2807
"(5, 96)",2015,06,CHOA CHU KANG,705,114,Model A,1995,2807
"(5, 97)",2015,06,CHOA CHU KANG,705,114,Model A,1995,2807
"(5, 98)",2015,06,CHOA CHU KANG,705,114,Model A,1995,2807
"(5, 99)",2015,06,CHOA CHU KANG,705,114,Model A,1995,2807
"(5, 100)",2015,06,CHOA CHU KANG,705,114,Model A,1995,2807
"(5, 101)",2015,06,CHOA CHU KANG,705,114,Model A,1995,2807
"(5, 102)",2015,06,CHOA CHU KANG,705,114,Model A,1995,2807
"(5, 103)",2015,06,CHOA CHU KANG,705,114,Model A,1995,2807
"(5, 104)",2015,06,CHOA CHU KANG,705,114,Model A,1995,2807
"(5, 105)",2015,06,CHOA CHU KANG,705,114,Model A,1995,2807
"(5, 106)",2015,06,CHOA CHU KANG,705,114,Model A,1995,2807
"(5, 107)",2015,06,CHOA CHU KANG,705,114,Model A,1995,2807
"(5, 108)",2015,06,CHOA CHU KANG,705,114,Model A,1995,2807
"(5, 109)",2015,06,CHOA CHU KANG,705,114,Model A,1995,2807
"(5, 110)",2015,06,CHOA CHU KANG,705,114,Model A,1995,2807
"(5, 111)",2015,06,CHOA CHU KANG,705,114,Model A,1995,2807
"(5, 112)",2015,06,CHOA CHU KANG,705,114,Model A,1995,2807
"(5, 113)",2015,06,CHOA CHU KANG,705,114,Model A,1995,2807
"(5, 114)",2015,06,CHOA CHU KANG,705,114,Model A,1995,2807
"(5, 115)",2015,10,CHOA CHU KANG,297,122,Premium Apartment,1999,2869
"(5, 116)",2015,10,CHOA CHU KANG,297,122,Premium Apartment,1999,2869
"(5, 117)",2015,10,CHOA CHU KANG,297,122,Premium Apartment,1999,2869
"(5, 118)",2015,10,CHOA CHU KANG,297,122,Premium Apartment,1999,2869
"(5, 119)",2015,10,CHOA CHU KANG,297,122,Premium Apartment,1999,2869
"(5, 120)",2015,10,CHOA CHU KANG,297,122,Premium Apartment,1999,2869
"(5, 121)",2015,10,CHOA CHU KANG,297,122,Premium Apartment,1999,2869
"(5, 122)",2015,10,CHOA CHU KANG,297,122,Premium Apartment,1999,2869
"(5, 123)",2015,08,CHOA CHU KANG,617,134,Model A,1996,3007
"(5, 124)",2015,08,CHOA CHU KANG,617,134,Model A,1996,3007
"(5, 125)",2015,08,CHOA CHU KANG,617,134,Model A,1996,3007
"(5, 126)",2015,08,CHOA CHU KANG,617,134,Model A,1996,3007
"(5, 127)",2015,08,CHOA CHU KANG,617,134,Model A,1996,3007
"(5, 128)",2015,08,CHOA CHU KANG,617,134,Model A,1996,3007
"(5, 129)",2015,08,CHOA CHU KANG,617,134,Model A,1996,3007
"(5, 130)",2015,08,CHOA CHU KANG,617,134,Model A,1996,3007
"(5, 131)",2015,08,CHOA CHU KANG,617,134,Model A,1996,3007
"(5, 132)",2015,08,CHOA CHU KANG,617,134,Model A,1996,3007
"(5, 133)",2015,08,CHOA CHU KANG,617,134,Model A,1996,3007
"(5, 134)",2015,08,CHOA CHU KANG,617,134,Model A,1996,3007
"(5, 135)",2015,07,CHOA CHU KANG,619,135,Model A,1996,3147
"(5, 136)",2015,06,JURONG WEST,757,136,Model A,1996,3147
"(5, 137)",2015,07,PASIR RIS,188,140,Model A,1993,3214
"(5, 138)",2015,07,PASIR RIS,188,140,Model A,1993,3214
"(5, 139)",2015,07,PASIR RIS,188,140,Model A,1993,3214
"(5, 140)",2015,07,PASIR RIS,188,140,Model A,1993,3214
"(5, 141)",2015,10,JURONG WEST,906,145,Maisonette,1989,3241
"(5, 142)",2015,10,JURONG WEST,906,145,Maisonette,1989,3241
"(5, 143)",2015,10,JURONG WEST,906,145,Maisonette,1989,3241
"(5, 144)",2015,10,JURONG WEST,906,145,Maisonette,1989,3241
"(5, 145)",2015,10,JURONG WEST,906,145,Maisonette,1989,3241
"(5, 146)",2015,07,JURONG WEST,410,150,Maisonette,1985,3467
"(5, 147)",2015,07,JURONG WEST,410,150,Maisonette,1985,3467
"(5, 148)",2015,07,JURONG WEST,410,150,Maisonette,1985,3467
"(5, 149)",2015,07,JURONG WEST,410,150,Maisonette,1985,3467
"(5, 150)",2015,07,JURONG WEST,410,150,Maisonette,1985,3467
"(6, 80)",2015,11,JURONG WEST,825,127,Improved,1993,2756
"(6, 81)",2015,11,JURONG WEST,825,127,Improved,1993,2756
"(6, 82)",2015,11,JURONG WEST,825,127,Improved,1993,2756
"(6, 83)",2015,11,JURONG WEST,825,127,Improved,1993,2756
"(6, 84)",2015,11,JURONG WEST,825,127,Improved,1993,2756
"(6, 85)",2015,11,JURONG WEST,825,127,Improved,1993,2756
"(6, 86)",2015,11,JURONG WEST,825,127,Improved,1993,2756
"(6, 87)",2015,11,JURONG WEST,825,127,Improved,1993,2756
"(6, 88)",2015,11,JURONG WEST,825,127,Improved,1993,2756
"(6, 89)",2015,11,JURONG WEST,825,127,Improved,1993,2756
"(6, 90)",2015,11,JURONG WEST,825,127,Improved,1993,2756
"(6, 91)",2015,11,JURONG WEST,825,127,Improved,1993,2756
"(6, 92)",2015,11,JURONG WEST,825,127,Improved,1993,2756
"(6, 93)",2015,11,JURONG WEST,825,127,Improved,1993,2756
"(6, 94)",2015,11,JURONG WEST,825,127,Improved,1993,2756
"(6, 95)",2015,11,JURONG WEST,825,127,Improved,1993,2756
"(6, 96)",2015,11,JURONG WEST,825,127,Improved,1993,2756
"(6, 97)",2015,11,JURONG WEST,825,127,Improved,1993,2756
"(6, 98)",2015,11,JURONG WEST,825,127,Improved,1993,2756
"(6, 99)",2015,11,JURONG WEST,825,127,Improved,1993,2756
"(6, 100)",2015,11,JURONG WEST,825,127,Improved,1993,2756
"(6, 101)",2015,11,JURONG WEST,825,127,Improved,1993,2756
"(6, 102)",2015,11,JURONG WEST,825,127,Improved,1993,2756
"(6, 103)",2015,11,JURONG WEST,825,127,Improved,1993,2756
"(6, 104)",2015,11,JURONG WEST,825,127,Improved,1993,2756
"(6, 105)",2015,11,JURONG WEST,825,127,Improved,1993,2756
"(6, 106)",2015,11,JURONG WEST,825,127,Improved,1993,2756
"(6, 107)",2015,11,JURONG WEST,825,127,Improved,1993,2756
"(6, 108)",2015,11,JURONG WEST,825,127,Improved,1993,2756
"(6, 109)",2015,11,JURONG WEST,825,127,Improved,1993,2756
"(6, 110)",2015,11,JURONG WEST,825,127,Improved,1993,2756
"(6, 111)",2015,11,JURONG WEST,825,127,Improved,1993,2756
"(6, 112)",2015,11,JURONG WEST,825,127,Improved,1993,2756
"(6, 113)",2015,11,JURONG WEST,825,127,Improved,1993,2756
"(6, 114)",2015,11,JURONG WEST,825,127,Improved,1993,2756
"(6, 115)",2015,11,JURONG WEST,825,127,Improved,1993,2756
"(6, 116)",2015,11,JURONG WEST,825,127,Improved,1993,2756
"(6, 117)",2015,11,JURONG WEST,825,127,Improved,1993,2756
"(6, 118)",2015,11,JURONG WEST,825,127,Improved,1993,2756
"(6, 119)",2015,11,JURONG WEST,825,127,Improved,1993,2756
"(6, 120)",2015,11,JURONG WEST,825,127,Improved,1993,2756
"(6, 121)",2015,11,JURONG WEST,825,127,Improved,1993,2756
"(6, 122)",2015,11,JURONG WEST,825,127,Improved,1993,2756
"(6, 123)",2015,11,JURONG WEST,825,127,Improved,1993,2756
"(6, 124)",2015,11,JURONG WEST,825,127,Improved,1993,2756
"(6, 125)",2015,11,JURONG WEST,825,127,Improved,1993,2756
"(6, 126)",2015,11,JURONG WEST,825,127,Improved,1993,2756
"(6, 127)",2015,11,JURONG WEST,825,127,Improved,1993,2756
"(6, 128)",2015,08,CHOA CHU KANG,617,134,Model A,1996,3007
"(6, 129)",2015,08,CHOA CHU KANG,617,134,Model A,1996,3007
"(6, 130)",2015,08,CHOA CHU KANG,617,134,Model A,1996,3007
"(6, 131)",2015,08,CHOA CHU KANG,617,134,Model A,1996,3007
"(6, 132)",2015,08,CHOA CHU KANG,617,134,Model A,1996,3007
"(6, 133)",2015,08,CHOA CHU KANG,617,134,Model A,1996,3007
"(6, 134)",2015,08,CHOA CHU KANG,617,134,Model A,1996,3007
"(6, 135)",2015,07,CHOA CHU KANG,619,135,Model A,1996,3147
"(6, 136)",2015,06,JURONG WEST,757,136,Model A,1996,3147
"(6, 137)",2015,07,PASIR RIS,188,140,Model A,1993,3214
"(6, 138)",2015,07,PASIR RIS,188,140,Model A,1993,3214
"(6, 139)",2015,07,PASIR RIS,188,140,Model A,1993,3214
"(6, 140)",2015,07,PASIR RIS,188,140,Model A,1993,3214
"(6, 141)",2015,10,JURONG WEST,906,145,Maisonette,1989,3241
"(6, 142)",2015,10,JURONG WEST,906,145,Maisonette,1989,3241
"(6, 143)",2015,10,JURONG WEST,906,145,Maisonette,1989,3241
"(6, 144)",2015,10,JURONG WEST,906,145,Maisonette,1989,3241
"(6, 145)",2015,10,JURONG WEST,906,145,Maisonette,1989,3241
"(6, 146)",2015,07,JURONG WEST,410,150,Maisonette,1985,3467
"(6, 147)",2015,07,JURONG WEST,410,150,Maisonette,1985,3467
"(6, 148)",2015,07,JURONG WEST,410,150,Maisonette,1985,3467
"(6, 149)",2015,07,JURONG WEST,410,150,Maisonette,1985,3467
"(6, 150)",2015,07,JURONG WEST,410,150,Maisonette,1985,3467
"(7, 80)",2015,11,JURONG WEST,825,127,Improved,1993,2756
"(7, 81)",2015,11,JURONG WEST,825,127,Improved,1993,2756
"(7, 82)",2015,11,JURONG WEST,825,127,Improved,1993,2756
"(7, 83)",2015,11,JURONG WEST,825,127,Improved,1993,2756
"(7, 84)",2015,11,JURONG WEST,825,127,Improved,1993,2756
"(7, 85)",2015,11,JURONG WEST,825,127,Improved,1993,2756
"(7, 86)",2015,11,JURONG WEST,825,127,Improved,1993,2756
"(7, 87)",2015,11,JURONG WEST,825,127,Improved,1993,2756
"(7, 88)",2015,11,JURONG WEST,825,127,Improved,1993,2756
"(7, 89)",2015,11,JURONG WEST,825,127,Improved,1993,2756
"(7, 90)",2015,11,JURONG WEST,825,127,Improved,1993,2756
"(7, 91)",2015,11,JURONG WEST,825,127,Improved,1993,2756
"(7, 92)",2015,11,JURONG WEST,825,127,Improved,1993,2756
"(7, 93)",2015,11,JURONG WEST,825,127,Improved,1993,2756
"(7, 94)",2015,11,JURONG WEST,825,127,Improved,1993,2756
"(7, 95)",2015,11,JURONG WEST,825,127,Improved,1993,2756
"(7, 96)",2015,11,JURONG WEST,825,127,Improved,1993,2756
"(7, 97)",2015,11,JURONG WEST,825,127,Improved,1993,2756
"(7, 98)",2015,11,JURONG WEST,825,127,Improved,1993,2756
"(7, 99)",2015,11,JURONG WEST,825,127,Improved,1993,2756
"(7, 100)",2015,11,JURONG WEST,825,127,Improved,1993,2756
"(7, 101)",2015,11,JURONG WEST,825,127,Improved,1993,2756
"(7, 102)",2015,11,JURONG WEST,825,127,Improved,1993,2756
"(7, 103)",2015,11,JURONG WEST,825,127,Improved,1993,2756
"(7, 104)",2015,11,JURONG WEST,825,127,Improved,1993,2756
"(7, 105)",2015,11,JURONG WEST,825,127,Improved,1993,2756
"(7, 106)",2015,11,JURONG WEST,825,127,Improved,1993,2756
"(7, 107)",2015,11,JURONG WEST,825,127,Improved,1993,2756
"(7, 108)",2015,11,JURONG WEST,825,127,Improved,1993,2756
"(7, 109)",2015,11,JURONG WEST,825,127,Improved,1993,2756
"(7, 110)",2015,11,JURONG WEST,825,127,Improved,1993,2756
"(7, 111)",2015,11,JURONG WEST,825,127,Improved,1993,2756
"(7, 112)",2015,11,JURONG WEST,825,127,Improved,1993,2756
"(7, 113)",2015,11,JURONG WEST,825,127,Improved,1993,2756
"(7, 114)",2015,11,JURONG WEST,825,127,Improved,1993,2756
"(7, 115)",2015,11,JURONG WEST,825,127,Improved,1993,2756
"(7, 116)",2015,11,JURONG WEST,825,127,Improved,1993,2756
"(7, 117)",2015,11,JURONG WEST,825,127,Improved,1993,2756
"(7, 118)",2015,11,JURONG WEST,825,127,Improved,1993,2756
"(7, 119)",2015,11,JURONG WEST,825,127,Improved,1993,2756
"(7, 120)",2015,11,JURONG WEST,825,127,Improved,1993,2756
"(7, 121)",2015,11,JURONG WEST,825,127,Improved,1993,2756
"(7, 122)",2015,11,JURONG WEST,825,127,Improved,1993,2756
"(7, 123)",2015,11,JURONG WEST,825,127,Improved,1993,2756
"(7, 124)",2015,11,JURONG WEST,825,127,Improved,1993,2756
"(7, 125)",2015,11,JURONG WEST,825,127,Improved,1993,2756
"(7, 126)",2015,11,JURONG WEST,825,127,Improved,1993,2756
"(7, 127)",2015,11,JURONG WEST,825,127,Improved,1993,2756
"(7, 128)",2015,08,CHOA CHU KANG,617,134,Model A,1996,3007
"(7, 129)",2015,08,CHOA CHU KANG,617,134,Model A,1996,3007
"(7, 130)",2015,08,CHOA CHU KANG,617,134,Model A,1996,3007
"(7, 131)",2015,08,CHOA CHU KANG,617,134,Model A,1996,3007
"(7, 132)",2015,08,CHOA CHU KANG,617,134,Model A,1996,3007
"(7, 133)",2015,08,CHOA CHU KANG,617,134,Model A,1996,3007
"(7, 134)",2015,08,CHOA CHU KANG,617,134,Model A,1996,3007
"(7, 135)",2015,07,CHOA CHU KANG,619,135,Model A,1996,3147
"(7, 136)",2015,06,JURONG WEST,757,136,Model A,1996,3147
"(7, 137)",2015,07,PASIR RIS,188,140,Model A,1993,3214
"(7, 138)",2015,07,PASIR RIS,188,140,Model A,1993,3214
"(7, 139)",2015,07,PASIR RIS,188,140,Model A,1993,3214
"(7, 140)",2015,07,PASIR RIS,188,140,Model A,1993,3214
"(7, 141)",2015,10,JURONG WEST,906,145,Maisonette,1989,3241
"(7, 142)",2015,10,JURONG WEST,906,145,Maisonette,1989,3241
"(7, 143)",2015,10,JURONG WEST,906,145,Maisonette,1989,3241
"(7, 144)",2015,10,JURONG WEST,906,145,Maisonette,1989,3241
"(7, 145)",2015,10,JURONG WEST,906,145,Maisonette,1989,3241
"(7, 146)",2015,12,PASIR RIS,267,146,Apartment,1994,3459
"(7, 147)",2015,07,JURONG WEST,410,150,Maisonette,1985,3467
"(7, 148)",2015,07,JURONG WEST,410,150,Maisonette,1985,3467
"(7, 149)",2015,07,JURONG WEST,410,150,Maisonette,1985,3467
"(7, 150)",2015,07,JURONG WEST,410,150,Maisonette,1985,3467
"(8, 80)",2015,11,JURONG WEST,825,127,Improved,1993,2756
"(8, 81)",2015,11,JURONG WEST,825,127,Improved,1993,2756
"(8, 82)",2015,11,JURONG WEST,825,127,Improved,1993,2756
"(8, 83)",2015,11,JURONG WEST,825,127,Improved,1993,2756
"(8, 84)",2015,11,JURONG WEST,825,127,Improved,1993,2756
"(8, 85)",2015,11,JURONG WEST,825,127,Improved,1993,2756
"(8, 86)",2015,11,JURONG WEST,825,127,Improved,1993,2756
"(8, 87)",2015,11,JURONG WEST,825,127,Improved,1993,2756
"(8, 88)",2015,11,JURONG WEST,825,127,Improved,1993,2756
"(8, 89)",2015,11,JURONG WEST,825,127,Improved,1993,2756
"(8, 90)",2015,11,JURONG WEST,825,127,Improved,1993,2756
"(8, 91)",2015,11,JURONG WEST,825,127,Improved,1993,2756
"(8, 92)",2015,11,JURONG WEST,825,127,Improved,1993,2756
"(8, 93)",2015,11,JURONG WEST,825,127,Improved,1993,2756
"(8, 94)",2015,11,JURONG WEST,825,127,Improved,1993,2756
"(8, 95)",2015,11,JURONG WEST,825,127,Improved,1993,2756
"(8, 96)",2015,11,JURONG WEST,825,127,Improved,1993,2756
"(8, 97)",2015,11,JURONG WEST,825,127,Improved,1993,2756
"(8, 98)",2015,11,JURONG WEST,825,127,Improved,1993,2756
"(8, 99)",2015,11,JURONG WEST,825,127,Improved,1993,2756
"(8, 100)",2015,11,JURONG WEST,825,127,Improved,1993,2756
"(8, 101)",2015,11,JURONG WEST,825,127,Improved,1993,2756
"(8, 102)",2015,11,JURONG WEST,825,127,Improved,1993,2756
"(8, 103)",2015,11,JURONG WEST,825,127,Improved,1993,2756
"(8, 104)",2015,11,JURONG WEST,825,127,Improved,1993,2756
"(8, 105)",2015,11,JURONG WEST,825,127,Improved,1993,2756
"(8, 106)",2015,11,JURONG WEST,825,127,Improved,1993,2756
"(8, 107)",2015,11,JURONG WEST,825,127,Improved,1993,2756
"(8, 108)",2015,11,JURONG WEST,825,127,Improved,1993,2756
"(8, 109)",2015,11,JURONG WEST,825,127,Improved,1993,2756
"(8, 110)",2015,11,JURONG WEST,825,127,Improved,1993,2756
"(8, 111)",2015,11,JURONG WEST,825,127,Improved,1993,2756
"(8, 112)",2015,11,JURONG WEST,825,127,Improved,1993,2756
"(8, 113)",2015,11,JURONG WEST,825,127,Improved,1993,2756
"(8, 114)",2015,11,JURONG WEST,825,127,Improved,1993,2756
"(8, 115)",2015,11,JURONG WEST,825,127,Improved,1993,2756
"(8, 116)",2015,11,JURONG WEST,825,127,Improved,1993,2756
"(8, 117)",2015,11,JURONG WEST,825,127,Improved,1993,2756
"(8, 118)",2015,11,JURONG WEST,825,127,Improved,1993,2756
"(8, 119)",2015,11,JURONG WEST,825,127,Improved,1993,2756
"(8, 120)",2015,11,JURONG WEST,825,127,Improved,1993,2756
"(8, 121)",2015,11,JURONG WEST,825,127,Improved,1993,2756
"(8, 122)",2015,11,JURONG WEST,825,127,Improved,1993,2756
"(8, 123)",2015,11,JURONG WEST,825,127,Improved,1993,2756
"(8, 124)",2015,11,JURONG WEST,825,127,Improved,1993,2756
"(8, 125)",2015,11,JURONG WEST,825,127,Improved,1993,2756
"(8, 126)",2015,11,JURONG WEST,825,127,Improved,1993,2756
"(8, 127)",2015,11,JURONG WEST,825,127,Improved,1993,2756
"(8, 128)",2015,08,CHOA CHU KANG,617,134,Model A,1996,3007
"(8, 129)",2015,08,CHOA CHU KANG,617,134,Model A,1996,3007
"(8, 130)",2015,08,CHOA CHU KANG,617,134,Model A,1996,3007
"(8, 131)",2015,08,CHOA CHU KANG,617,134,Model A,1996,3007
"(8, 132)",2015,08,CHOA CHU KANG,617,134,Model A,1996,3007
"(8, 133)",2015,08,CHOA CHU KANG,617,134,Model A,1996,3007
"(8, 134)",2015,08,CHOA CHU KANG,617,134,Model A,1996,3007
"(8, 135)",2015,07,CHOA CHU KANG,619,135,Model A,1996,3147
"(8, 136)",2015,06,JURONG WEST,757,136,Model A,1996,3147
"(8, 137)",2015,07,PASIR RIS,188,140,Model A,1993,3214
"(8, 138)",2015,07,PASIR RIS,188,140,Model A,1993,3214
"(8, 139)",2015,07,PASIR RIS,188,140,Model A,1993,3214
"(8, 140)",2015,07,PASIR RIS,188,140,Model A,1993,3214
"(8, 141)",2015,10,JURONG WEST,906,145,Maisonette,1989,3241
"(8, 142)",2015,10,JURONG WEST,906,145,Maisonette,1989,3241
"(8, 143)",2015,10,JURONG WEST,906,145,Maisonette,1989,3241
"(8, 144)",2015,10,JURONG WEST,906,145,Maisonette,1989,3241
"(8, 145)",2015,10,JURONG WEST,906,145,Maisonette,1989,3241
"(8, 146)",2015,12,PASIR RIS,267,146,Apartment,1994,3459
"(8, 147)",2015,07,JURONG WEST,410,150,Maisonette,1985,3467
"(8, 148)",2015,07,JURONG WEST,410,150,Maisonette,1985,3467
"(8, 149)",2015,07,JURONG WEST,410,150,Maisonette,1985,3467
"(8, 150)",2015,07,JURONG WEST,410,150,Maisonette,1985,3467
